{"RuleTriggered": 0, "Violations": 0, "Details": {"pin_memory": false, "num_workers": 0, "cores": 4, "dataloaders": 1, "dataloading_time": {"p25": 0.971765, "p50": 0.971765, "p95": 0.971765, "probs": [0, 0, 0, 0, 0, 0, 0, 0, 0, 0, 0, 0, 0, 0, 0, 0, 0, 0, 0, 0, 0, 0, 0, 0, 0, 0, 0, 0, 0, 0, 0, 0, 0, 0, 0, 0, 0, 0, 0, 0, 0, 0, 0, 0, 0, 0, 0, 0, 0, 0, 1, 0, 0, 0, 0, 0, 0, 0, 0, 0, 0, 0, 0, 0, 0, 0, 0, 0, 0, 0, 0, 0, 0, 0, 0, 0, 0, 0, 0, 0, 0, 0, 0, 0, 0, 0, 0, 0, 0, 0, 0, 0, 0, 0, 0, 0, 0, 0, 0, 0], "binedges": [0.471765, 0.481765, 0.491765, 0.501765, 0.511765, 0.521765, 0.531765, 0.541765, 0.551765, 0.561765, 0.571765, 0.581765, 0.591765, 0.601765, 0.611765, 0.621765, 0.631765, 0.641765, 0.6517649999999999, 0.6617649999999999, 0.671765, 0.681765, 0.691765, 0.701765, 0.711765, 0.721765, 0.731765, 0.741765, 0.751765, 0.761765, 0.771765, 0.781765, 0.791765, 0.8017650000000001, 0.8117650000000001, 0.8217650000000001, 0.831765, 0.841765, 0.851765, 0.861765, 0.871765, 0.881765, 0.8917649999999999, 0.9017649999999999, 0.9117649999999999, 0.921765, 0.931765, 0.941765, 0.951765, 0.961765, 0.971765, 0.981765, 0.991765, 1.001765, 1.011765, 1.021765, 1.031765, 1.041765, 1.051765, 1.0617649999999998, 1.071765, 1.0817649999999999, 1.091765, 1.1017649999999999, 1.1117650000000001, 1.121765, 1.1317650000000001, 1.141765, 1.1517650000000001, 1.161765, 1.1717650000000002, 1.181765, 1.191765, 1.201765, 1.211765, 1.221765, 1.231765, 1.241765, 1.251765, 1.261765, 1.271765, 1.281765, 1.291765, 1.301765, 1.3117649999999998, 1.321765, 1.3317649999999999, 1.341765, 1.3517649999999999, 1.3617650000000001, 1.371765, 1.3817650000000001, 1.391765, 1.4017650000000001, 1.411765, 1.4217650000000002, 1.431765, 1.441765, 1.451765, 1.461765, 1.471765]}}, "Datapoints": 1, "RuleParameters": "min_threshold:70\nmax_threshold:200"}