{"RuleTriggered": 0, "Violations": 0, "Details": {"ratio": {"cpu_functions": 100.0}, "phase": {"Step:ModeKeys.TRAIN": 48.90424476449121, "others": 46.1232215258703, "Step:ModeKeys.EVAL": 4.972533709638491}, "phase_time": {}, "CPU": {"aten::conv2d": 8.401186106207257, "aten::convolution": 8.400551560890412, "aten::_convolution": 8.39985238595796, "aten::mkldnn_convolution": 8.39838940647745, "aten::batch_norm": 2.8600015005821664, "aten::_batch_norm_impl_index": 2.8592553222929107, "aten::native_batch_norm": 2.8580567366944223, "NativeBatchNormBackward": 3.6802453293205, "aten::native_batch_norm_backward": 3.6778187810255205, "MkldnnConvolutionBackward": 15.40963337322939, "aten::mkldnn_convolution_backward": 15.408129265811683, "aten::mkldnn_convolution_backward_input": 7.484591271441389, "aten::mkldnn_convolution_backward_weights": 7.92151685002774, "enumerate(DataLoader)#_SingleProcessDataLoaderIter.__next__": 4.2407721100412035}, "CPU_total": {"aten::conv2d": 1429887, "aten::convolution": 1429779, "aten::_convolution": 1429660, "aten::mkldnn_convolution": 1429411, "aten::batch_norm": 486774, "aten::_batch_norm_impl_index": 486647, "aten::native_batch_norm": 486443, "NativeBatchNormBackward": 626380, "aten::native_batch_norm_backward": 625967, "MkldnnConvolutionBackward": 2622729, "aten::mkldnn_convolution_backward": 2622473, "aten::mkldnn_convolution_backward_input": 1273882, "aten::mkldnn_convolution_backward_weights": 1348247, "enumerate(DataLoader)#_SingleProcessDataLoaderIter.__next__": 721782}, "general": {"DataLoaderIterInitialize": 0.00018336793583505984, "DataLoaderIter": 0.21971706802312815, "Forward": 99.78009956404104}}, "Datapoints": 0, "RuleParameters": ""}