{"RuleTriggered": 0, "Violations": 0, "Details": {"step_details": {"algo-1-27": {"step_stats": {"mean": 1.8631584139534885, "max": 5.520527, "p99": 2.3736149399999995, "p95": 2.1431731, "p50": 1.840435, "min": 0.609813}, "number_of_outliers": 1, "phase": "Step:ModeKeys.TRAIN", "stddev": 0.3, "probs": [2, 0, 0, 0, 0, 0, 0, 0, 0, 0, 0, 0, 0, 0, 0, 0, 0, 0, 0, 0, 0, 0, 0, 0, 0, 0, 0, 0, 0, 0, 0, 0, 0, 0, 0, 0, 0, 0, 0, 0, 0, 0, 0, 0, 0, 0, 0, 0, 0, 1, 1, 6, 5, 12, 19, 9, 18, 33, 22, 37, 20, 11, 1, 2, 1, 0, 0, 0, 1, 0, 0, 1, 4, 1, 0, 1, 0, 1, 1, 0, 0, 2, 0, 1, 0, 0, 0, 0, 0, 0, 0, 0, 0, 0, 0, 0, 0, 0, 0, 1], "binedges": [0.609813, 0.63101691, 0.65222082, 0.67342473, 0.69462864, 0.71583255, 0.7370364600000001, 0.7582403700000001, 0.7794442800000001, 0.8006481900000001, 0.8218521000000001, 0.8430560100000001, 0.8642599200000001, 0.8854638300000001, 0.90666774, 0.9278716500000002, 0.94907556, 0.9702794700000001, 0.99148338, 1.0126872900000001, 1.0338912000000002, 1.0550951100000001, 1.07629902, 1.09750293, 1.1187068400000002, 1.13991075, 1.16111466, 1.18231857, 1.2035224800000002, 1.2247263900000003, 1.2459303000000002, 1.26713421, 1.2883381200000001, 1.3095420300000002, 1.3307459400000001, 1.35194985, 1.3731537600000001, 1.3943576700000002, 1.4155615800000003, 1.4367654900000002, 1.4579694, 1.4791733100000002, 1.5003772200000003, 1.5215811300000002, 1.54278504, 1.5639889500000002, 1.5851928600000003, 1.6063967700000001, 1.62760068, 1.6488045900000001, 1.6700085000000002, 1.6912124100000003, 1.71241632, 1.73362023, 1.7548241400000002, 1.7760280500000003, 1.7972319600000004, 1.81843587, 1.8396397800000002, 1.8608436900000003, 1.8820476000000004, 1.90325151, 1.9244554200000001, 1.9456593300000002, 1.9668632400000003, 1.9880671500000004, 2.00927106, 2.03047497, 2.0516788800000003, 2.0728827900000004, 2.0940867, 2.11529061, 2.1364945200000003, 2.1576984300000004, 2.17890234, 2.20010625, 2.2213101600000003, 2.2425140700000004, 2.2637179800000005, 2.28492189, 2.3061258000000002, 2.3273297100000003, 2.3485336200000004, 2.36973753, 2.39094144, 2.4121453500000003, 2.4333492600000004, 2.4545531700000005, 2.47575708, 2.4969609900000003, 2.5181649000000004, 2.5393688100000005, 2.56057272, 2.5817766300000002, 2.6029805400000003, 2.62418445, 2.64538836, 2.66659227, 2.6877961800000003, 2.7090000900000004, 2.730204], "step_numbers": ["1"]}}}, "Datapoints": 245, "RuleParameters": "threshold:3\nmode:None\nn_outliers:10\nstddev:3"}